model,manu
8 Series,BMW
CR-V,Honda
E350,Ford
Esperante,Panoz
New Yorker,Chrysler
V8 Vantage S,Aston Martin
Quattroporte,Maserati
Enclave,Buick
Boxster,Porsche
Galant,Mitsubishi
GTO,Pontiac
ZX2,Ford
S-Class,Mercedes-Benz
Diamante,Mitsubishi
600SEL,Mercedes-Benz
Commander,Jeep
Mountaineer,Mercury
Forester,Subaru
M5,BMW
Legacy,Subaru
300CE,Mercedes-Benz
LS,Lexus
9-5,Saab
Sonoma,GMC
Viper,Dodge
911,Porsche
A6,Audi
Monaco,Dodge
Legend,Acura
QX,Infiniti
Skyhawk,Buick
MX-5,Mazda
GTI,Volkswagen
200SX,Nissan
Bonneville,Pontiac
Windstar,Ford
Charger,Dodge
Nitro,Dodge
F-Series,Ford
Azera,Hyundai
Pacifica,Chrysler
Malibu,Chevrolet
Traverse,Chevrolet
Passat,Volkswagen
SL-Class,Mercedes-Benz
900,Saab
Sunfire,Pontiac
Typ-1,Aptera
Optima,Kia
Metro,Geo
9-5,Saab
Diamante,Mitsubishi
TL,Acura
Jetta,Volkswagen
Tribute,Mazda
Mazda5,Mazda
Express 2500,Chevrolet
F430,Ferrari
VUE,Saturn
Quattro,Audi
Spider,Alfa Romeo
Canyon,GMC
Bronco II,Ford
Eos,Volkswagen
V8 Vantage,Aston Martin
Concorde,Chrysler
650,BMW
XC70,Volvo
RVR,Mitsubishi
F150,Ford
SC,Lexus
V40,Volvo
Fit,Honda
Lancer,Mitsubishi
Pathfinder,Nissan
Continental,Lincoln
Ram Van 1500,Dodge
Intrepid,Dodge
Grand Prix,Pontiac
Mighty Max,Mitsubishi
Taurus,Ford
Esteem,Suzuki
Bonneville,Pontiac
Azera,Hyundai
A4,Audi
6000,Pontiac
Nubira,Daewoo
Dakota Club,Dodge
Rodeo Sport,Isuzu
Cobalt,Chevrolet
Topaz,Mercury
Cube,Nissan
Sierra 1500,GMC
Cobalt,Chevrolet
CL,Acura
DB9 Volante,Aston Martin
Escalade ESV,Cadillac
Sierra 3500HD,GMC
Cherokee,Jeep
Mentor,Kia
QX,Infiniti
Rondo,Kia
Lynx,Mercury
Pathfinder,Nissan
Montero,Mitsubishi
Sundance,Plymouth
G-Class,Mercedes-Benz
Outback,Subaru
New Beetle,Volkswagen
Savana 2500,GMC
RVR,Mitsubishi
4000CS Quattro,Audi
Grand Prix,Pontiac
Discovery,Land Rover
Taurus,Ford
Town Car,Lincoln
9000,Saab
Optima,Kia
Monterey,Mercury
Cougar,Mercury
Ram Van 2500,Dodge
Sportage,Kia
900,Saab
Grand Marquis,Mercury
90,Audi
Canyon,GMC
VUE,Saturn
Patriot,Jeep
D350,Dodge
Challenger,Mitsubishi
Forester,Subaru
FX,Infiniti
Silverado 1500,Chevrolet
4Runner,Toyota
Transit Connect,Ford
Express 3500,Chevrolet
Ridgeline,Honda
SRX,Cadillac
Metro,Chevrolet
Escort,Ford
Space,Isuzu
9-3,Saab
Mustang,Ford
CT,Lexus
Legend,Acura
S80,Volvo
S10,Chevrolet
Tempest,Pontiac
Dakota Club,Dodge
Sportage,Kia
Impreza,Subaru
Freestyle,Ford
Esperante,Panoz
C-Class,Mercedes-Benz
Vibe,Pontiac
Equus,Hyundai
Rondo,Kia
Quattroporte,Maserati
Esprit,Lotus
Bravada,Oldsmobile
H1,Hummer
Silverado 3500,Chevrolet
Savana 2500,GMC
V8 Vantage S,Aston Martin
riolet,Audi
Rodeo Sport,Isuzu
Ram Van 2500,Dodge
Civic,Honda
Axiom,Isuzu
430,Maserati
Corvette,Chevrolet
B-Series,Mazda
Suburban,Chevrolet
LeSabre,Buick
Tahoe,Chevrolet
Rondo,Kia
LX,Lexus
SL-Class,Mercedes-Benz
Odyssey,Honda
Sedona,Kia
Alero,Oldsmobile
S80,Volvo
Navigator,Lincoln
Cavalier,Chevrolet
GS,Lexus
Grand Prix,Pontiac
QX,Infiniti
Altima,Nissan
Sprinter 2500,Mercedes-Benz
TL,Acura
Mohave/Borrego,Kia
G-Series 1500,Chevrolet
3 Series,BMW
SLS-Class,Mercedes-Benz
C8 Laviolette,Spyker
F-Series,Ford
Express 1500,Chevrolet
Suburban 2500,Chevrolet
RX Hybrid,Lexus
Town Car,Lincoln
Expedition EL,Ford
Regal,Buick
F450,Ford
LeSabre,Buick
Cooper Clubman,MINI
TL,Acura
Leone,Subaru
M5,BMW
Taurus,Ford
Express 1500,Chevrolet
ZX2,Ford
E-Class,Mercedes-Benz
Civic,Honda
3000GT,Mitsubishi
4Runner,Toyota
Diablo,Lamborghini
Sonata,Hyundai
DeVille,Cadillac
Silhouette,Oldsmobile
Excel,Hyundai
XL-7,Suzuki
Venza,Toyota
Sundance,Plymouth
Galant,Mitsubishi
A4,Audi
9-3,Saab
S40,Volvo
Century,Buick
Focus ST,Ford
XJ,Jaguar
Avalanche 2500,Chevrolet
E-Class,Mercedes-Benz
Express 1500,Chevrolet
Jetta,Volkswagen
Lancer Evolution,Mitsubishi
RDX,Acura
XF,Jaguar
Tacoma Xtra,Toyota
CR-V,Honda
M,Infiniti
LHS,Chrysler
2500,Chevrolet
RX-7,Mazda
W201,Mercedes-Benz
Flex,Ford
240SX,Nissan
Expedition EL,Ford
Silverado,Chevrolet
530,BMW
Boxster,Porsche
LeSabre,Buick
Bronco,Ford
E-Series,Ford
Freelander,Land Rover
Escalade ESV,Cadillac
MX-5,Mazda
Axiom,Isuzu
Envoy XUV,GMC
Truck,Mitsubishi
rio,Volkswagen
Ram Van B350,Dodge
Escalade EXT,Cadillac
Wrangler,Jeep
Escalade ESV,Cadillac
Pathfinder,Nissan
Continental Mark VII,Lincoln
Corolla,Toyota
W201,Mercedes-Benz
Ranger,Ford
Pathfinder,Nissan
Corvette,Chevrolet
Typ-1,Aptera
612 Scaglietti,Ferrari
Colorado,Chevrolet
Pajero,Mitsubishi
Optima,Kia
Grand Vitara,Suzuki
Montero,Mitsubishi
rio,Volkswagen
Passat,Volkswagen
M5,BMW
Spyder,Maserati
Skyhawk,Buick
DeVille,Cadillac
Forester,Subaru
Lancer,Mitsubishi
Camry Hybrid,Toyota
F150,Ford
Grand Vitara,Suzuki
Stratus,Dodge
Integra,Acura
Armada,Nissan
Town & Country,Chrysler
Bronco,Ford
H1,Hummer
Sienna,Toyota
STS,Cadillac
Park Avenue,Buick
Insight,Honda
E-Class,Mercedes-Benz
Prius,Toyota
Pajero,Mitsubishi
57,Maybach
Seville,Cadillac
Continental GTC,Bentley
B-Series,Mazda
XK Series,Jaguar
Focus ST,Ford
S70,Volvo
H1,Hummer
A6,Audi
Express 2500,Chevrolet
Sprinter,Dodge
Acclaim,Plymouth
Passat,Volkswagen
Trooper,Isuzu
Somerset,Buick
Montero,Mitsubishi
Fortwo,Smart
Vibe,Pontiac
F150,Ford
Dakota Club,Dodge
Ram 1500 Club,Dodge
Town Car,Lincoln
Matrix,Toyota
911,Porsche
Genesis,Hyundai
Probe,Ford
Mustang,Ford
300SE,Mercedes-Benz
S-Class,Mercedes-Benz
Sprinter 2500,Mercedes-Benz
G,Infiniti
tC,Scion
Skylark,Buick
Corvette,Chevrolet
S-Type,Jaguar
Echo,Toyota
Frontier,Nissan
Viper RT/10,Dodge
GS,Lexus
Metro,Geo
Savana 2500,GMC
Elantra,Hyundai
Excursion,Ford
Eldorado,Cadillac
Mazda3,Mazda
Mazda5,Mazda
Passport,Honda
LaCrosse,Buick
1 Series,BMW
Topaz,Mercury
QX56,Infiniti
xB,Scion
Mustang,Ford
Silverado 3500,Chevrolet
Legacy,Subaru
Tahoe,Chevrolet
Pajero,Mitsubishi
Topaz,Mercury
Pathfinder,Nissan
Express 3500,Chevrolet
CL-Class,Mercedes-Benz
Highlander,Toyota
MX-5,Mazda
Econoline E150,Ford
Frontier,Nissan
Cougar,Mercury
Pacifica,Chrysler
Spectra,Kia
300ZX,Nissan
Yukon XL 2500,GMC
Eclipse,Mitsubishi
Forester,Subaru
Sorento,Kia
G,Infiniti
Aerio,Suzuki
Veloster,Hyundai
Grand Marquis,Mercury
9000,Saab
Silverado 2500,Chevrolet
LS Hybrid,Lexus
MX-5,Mazda
Econoline E350,Ford
Corvette,Chevrolet
Camaro,Chevrolet
DeVille,Cadillac
Windstar,Ford
Galant,Mitsubishi
Odyssey,Honda
F430,Ferrari
Continental GT,Bentley
2500 Club Coupe,GMC
G35,Infiniti
Allroad,Audi
SJ,Suzuki
Montana,Pontiac
Quattroporte,Maserati
Cube,Nissan
Tiburon,Hyundai
Stanza,Nissan
TL,Acura
Altima,Nissan
6000,Pontiac
RX,Lexus
CR-V,Honda
Montero,Mitsubishi
LaCrosse,Buick
Continental Super,Bentley
Expedition,Ford
D150 Club,Dodge
Silverado 1500,Chevrolet
Sparrow,Corbin
2500 Club Coupe,GMC
200SX,Nissan
E150,Ford
Quest,Nissan
Trans Sport,Pontiac
F350,Ford
Range Rover,Land Rover
Prelude,Honda
G37,Infiniti
Prizm,Chevrolet
Ram Van 1500,Dodge
Celica,Toyota
5 Series,BMW
California,Ferrari
Spirit,Dodge
Mazda5,Mazda
Stratus,Dodge
Laser,Ford
Outlook,Saturn
Edge,Ford
Continental GTC,Bentley
Explorer Sport Trac,Ford
TT,Audi
F350,Ford
Silverado 1500,Chevrolet
Yukon XL 1500,GMC
Quest,Nissan
Touareg,Volkswagen
Malibu,Chevrolet
ZX2,Ford
Sentra,Nissan
Sephia,Kia
Jimmy,GMC
V40,Volvo
Pilot,Honda
Mazda6,Mazda
Camaro,Chevrolet
Intrigue,Oldsmobile
Dakota Club,Dodge
tC,Scion
Firebird,Pontiac
XK Series,Jaguar
tC,Scion
F-Series Super Duty,Ford
EXP,Ford
Milan,Mercury
Mariner,Mercury
Accord,Honda
Grand Marquis,Mercury
Tribute,Mazda
XL-7,Suzuki
Accent,Hyundai
Ram Wagon B250,Dodge
Justy,Subaru
Arnage,Bentley
Avalon,Toyota
Swift,Suzuki
Mystique,Mercury
Impala,Chevrolet
Escape,Ford
Lumina,Chevrolet
MX-5,Mazda
Premier,Eagle
Amanti,Kia
Sigma,Mitsubishi
Navigator,Lincoln
RSX,Acura
M3,BMW
8 Series,BMW
E-Class,Mercedes-Benz
A6,Audi
Commander,Jeep
Odyssey,Honda
Spyder,Maserati
Tahoe,Chevrolet
9000,Saab
Freelander,Land Rover
Ram Van 1500,Dodge
Range Rover,Land Rover
Tracker,Chevrolet
Sable,Mercury
VUE,Saturn
Alero,Oldsmobile
Accord,Honda
G-Class,Mercedes-Benz
Touareg,Volkswagen
Firebird,Pontiac
Rio,Kia
Grand Marquis,Mercury
Caliber,Dodge
911,Porsche
Pilot,Honda
LR2,Land Rover
SJ,Suzuki
Thunderbird,Ford
Monte Carlo,Chevrolet
MDX,Acura
325,BMW
A5,Audi
Cooper Countryman,MINI
Savana,GMC
Odyssey,Honda
MKT,Lincoln
SLK-Class,Mercedes-Benz
Summit,Eagle
SC,Lexus
Q7,Audi
Expedition,Ford
RX,Lexus
Trans Sport,Pontiac
Sportage,Kia
Suburban 2500,GMC
Pilot,Honda
Integra,Acura
Rondo,Kia
E-Class,Mercedes-Benz
Coachbuilder,Buick
Relay,Saturn
Viper,Dodge
3500,Chevrolet
911,Porsche
C30,Volvo
Tribute,Mazda
Navigator,Lincoln
Express 3500,Chevrolet
Yukon XL 2500,GMC
Eldorado,Cadillac
B-Series,Mazda
Murci√©lago,Lamborghini
Freelander,Land Rover
626,Mazda
1 Series,BMW
rio,Volkswagen
Canyon,GMC
1500 Club Coupe,GMC
Crossfire,Chrysler
F150,Ford
626,Mazda
4Runner,Toyota
GS,Lexus
3500,GMC
Echo,Toyota
Thunderbird,Ford
E-Series,Ford
LeMans,Pontiac
Century,Buick
B-Series,Mazda
Tiburon,Hyundai
Express 1500,Chevrolet
2500,Chevrolet
Blazer,Chevrolet
Econoline E350,Ford
Topaz,Mercury
Patriot,Jeep
S70,Volvo
Escape,Ford
9-3,Saab
9-3,Saab
X-Type,Jaguar
Rio,Kia
B-Series,Mazda
Safari,GMC
Savana 3500,GMC
Thunderbird,Ford
E-Series,Ford
Prius,Toyota
Express 2500,Chevrolet
RX-7,Mazda
SL-Class,Mercedes-Benz
350Z,Nissan
Achieva,Oldsmobile
Cougar,Mercury
S80,Volvo
X-Type,Jaguar
Grand Prix,Pontiac
Suburban 1500,GMC
Villager,Mercury
Suburban 1500,Chevrolet
FX,Infiniti
Wrangler,Jeep
Golf,Volkswagen
Amigo,Isuzu
Grand Caravan,Dodge
Aspire,Ford
Nitro,Dodge
Elantra,Hyundai
Jetta,Volkswagen
Tiburon,Hyundai
SLK-Class,Mercedes-Benz
Topaz,Mercury
xB,Scion
Lancer,Mitsubishi
Mariner,Mercury
QX,Infiniti
Arnage,Bentley
Cabriolet,Volkswagen
Frontier,Nissan
350Z,Nissan
900,Saab
Outlander Sport,Mitsubishi
Sedona,Kia
Golf,Volkswagen
Accord,Honda
LeBaron,Chrysler
L-Series,Saturn
Spectra,Kia
M-Class,Mercedes-Benz
Park Avenue,Buick
4Runner,Toyota
Dakota,Dodge
2500 Club Coupe,GMC
S40,Volvo
Cavalier,Chevrolet
Ion,Saturn
Jetta,Volkswagen
IS,Lexus
Viper,Dodge
DTS,Cadillac
Accord,Honda
Rodeo Sport,Isuzu
Imperial,Chrysler
LX,Lexus
Rogue,Nissan
Mustang,Ford
Range Rover,Land Rover
Matrix,Toyota
GTI,Volkswagen
F350,Ford
Monte Carlo,Chevrolet
Esprit,Lotus
Park Avenue,Buick
Expedition,Ford
Suburban 1500,GMC
MPV,Mazda
Sierra 1500,GMC
Accord,Honda
LS,Lexus
928,Porsche
Seville,Cadillac
Loyale,Subaru
F350,Ford
CTS,Cadillac
Navigator,Lincoln
940,Volvo
GTI,Volkswagen
Avalanche 2500,Chevrolet
FX,Infiniti
E150,Ford
Crown Victoria,Ford
9-5,Saab
Alpina B7,BMW
Legend,Acura
riolet,Audi
CTS,Cadillac
Jetta,Volkswagen
Escalade EXT,Cadillac
Frontier,Nissan
Q,Infiniti
62,Maybach
Montana SV6,Pontiac
Tribute,Mazda
Savana 3500,GMC
Tiburon,Hyundai
Savana 2500,GMC
Continental Mark VII,Lincoln
Previa,Toyota
New Beetle,Volkswagen
Ram Van 2500,Dodge
Topaz,Mercury
S2000,Honda
Diablo,Lamborghini
Silverado 2500,Chevrolet
Escalade ESV,Cadillac
Nuova 500,Fiat
E150,Ford
Sierra Hybrid,GMC
Pajero,Mitsubishi
Rodeo,Isuzu
Tacoma,Toyota
370Z,Nissan
Suburban 1500,GMC
Daytona,Dodge
Touareg,Volkswagen
Mazda3,Mazda
Jetta,Volkswagen
Esperante,Panoz
Freestyle,Ford
Paseo,Toyota
Mazdaspeed 3,Mazda
Optima,Kia
C70,Volvo
SJ,Suzuki
Endeavor,Mitsubishi
SJ,Suzuki
F-Series Super Duty,Ford
Mazda6,Mazda
911,Porsche
CTS,Cadillac
Impreza,Subaru
A8,Audi
Intrepid,Dodge
Explorer Sport,Ford
Suburban 1500,Chevrolet
HS,Lexus
T100,Toyota
Edge,Ford
9-3,Saab
Pathfinder,Nissan
Boxster,Porsche
Regal,Buick
G-Series G20,Chevrolet
Safari,Pontiac
Yukon XL 2500,GMC
E150,Ford
RX Hybrid,Lexus
C70,Volvo
Topaz,Mercury
Prius,Toyota
MX-5,Mazda
Maxima,Nissan
62,Maybach
Camry,Toyota
R8,Audi
Altima,Nissan
7 Series,BMW
Jetta,Volkswagen
Ram 2500,Dodge
Cherokee,Jeep
LR3,Land Rover
VehiCROSS,Isuzu
900,Saab
Montero,Mitsubishi
3500,Chevrolet
Windstar,Ford
Galant,Mitsubishi
5 Series,BMW
Venture,Chevrolet
Starion,Mitsubishi
9-3,Saab
F150,Ford
Tacoma,Toyota
B-Series Plus,Mazda
Tiburon,Hyundai
Cayman,Porsche
Stratus,Dodge
Celica,Toyota
Avenger,Dodge
Country,Ford
RX-8,Mazda
G37,Infiniti
V12 Vantage,Aston Martin
545,BMW
G37,Infiniti
Grand Cherokee,Jeep
G37,Infiniti
9-5,Saab
Tacoma,Toyota
IS F,Lexus
LTD Crown Victoria,Ford
L-Series,Saturn
Range Rover,Land Rover
Tercel,Toyota
SLX,Acura
MKX,Lincoln
Silverado,Chevrolet
300,Chrysler
S-Class,Mercedes-Benz
Civic,Honda
F430,Ferrari
300,Chrysler
Ram Van 3500,Dodge
Eldorado,Cadillac
RX,Lexus
Windstar,Ford
Jetta,Volkswagen
Cayman,Porsche
Daytona,Dodge
Defender,Land Rover
Golf,Volkswagen
Freestar,Ford
CL-Class,Mercedes-Benz
Savana,GMC
H3,Hummer
300ZX,Nissan
Equator,Suzuki
Canyon,GMC
TrailBlazer,Chevrolet
Bronco II,Ford
Frontier,Nissan
rio,Volkswagen
SLR McLaren,Mercedes-Benz
Camry,Toyota
Familia,Mazda
MGB,MG
Ranger,Ford
Probe,Ford
Outlander Sport,Mitsubishi
Eldorado,Cadillac
Econoline E350,Ford
Integra,Acura
Hombre,Isuzu
645,BMW
Sonata,Hyundai
Econoline E350,Ford
Grand Prix,Pontiac
MPV,Mazda
S-Series,Saturn
Viper,Dodge
5 Series,BMW
Aviator,Lincoln
Lancer,Mitsubishi
900,Saab
Continental,Lincoln
2500 Club Coupe,GMC
Quest,Nissan
Avanti,Studebaker
Corvair 500,Chevrolet
330,BMW
C-Class,Mercedes-Benz
Grand Prix Turbo,Pontiac
Range Rover,Land Rover
400E,Mercedes-Benz
Voyager,Plymouth
Skylark,Buick
Eclipse,Mitsubishi
Liberty,Jeep
Breeze,Plymouth
D350,Dodge
GTI,Volkswagen
S8,Audi
Suburban 1500,GMC
Savana 3500,GMC
Voyager,Plymouth
5 Series,BMW
F150,Ford
Catera,Cadillac
Maxima,Nissan
I,Infiniti
Celica,Toyota
Continental Flying Spur,Bentley
M3,BMW
Sierra,GMC
X-Type,Jaguar
XC90,Volvo
Sentra,Nissan
Pajero,Mitsubishi
Town Car,Lincoln
Safari,GMC
GTI,Volkswagen
V8,Audi
Elantra,Hyundai
Crown Victoria,Ford
Vitara,Suzuki
Savana 3500,GMC
Land Cruiser,Toyota
Q,Infiniti
Continental GT,Bentley
Tempo,Ford
Grand Caravan,Dodge
Grand Vitara,Suzuki
Grand Prix,Pontiac
IS-F,Lexus
Sable,Mercury
Ramcharger,Dodge
Sierra 2500,GMC
Outlook,Saturn
A8,Audi
Mustang,Ford
S-Class,Mercedes-Benz
Discovery Series II,Land Rover
Sunbird,Pontiac
Mountaineer,Mercury
Marauder,Mercury
Touareg,Volkswagen
Club Wagon,Ford
Sunbird,Pontiac
E150,Ford
Silverado,Chevrolet
Exige,Lotus
Impala,Chevrolet
Silverado 1500,Chevrolet
LR3,Land Rover
Caravan,Dodge
Gallardo,Lamborghini
Tercel,Toyota
Somerset,Buick
ES,Lexus
Sedona,Kia
Colt,Plymouth
Camry,Toyota
STS-V,Cadillac
Cavalier,Chevrolet
Bonneville,Pontiac
W201,Mercedes-Benz
500,Fiat
Malibu,Chevrolet
C-Class,Mercedes-Benz
Jimmy,GMC
Range Rover Sport,Land Rover
SLK-Class,Mercedes-Benz
C-Class,Mercedes-Benz
Suburban 2500,Chevrolet
F350,Ford
Outlander,Mitsubishi
F-Series,Ford
7 Series,BMW
Optima,Kia
CR-V,Honda
Land Cruiser,Toyota
GTO,Pontiac
Land Cruiser,Toyota
E-Series,Ford
Celica,Toyota
Q,Infiniti
W126,Mercedes-Benz
Ram Van 2500,Dodge
F250,Ford
CL-Class,Mercedes-Benz
Continental,Bentley
Sportvan G10,Chevrolet
Boxster,Porsche
Sunbird,Pontiac
Sportvan G30,Chevrolet
GX,Lexus
3000GT,Mitsubishi
FJ Cruiser,Toyota
6000,Pontiac
Aspen,Chrysler
Viper,Dodge
Impreza,Subaru
Pilot,Honda
Mystique,Mercury
SLR McLaren,Mercedes-Benz
LHS,Chrysler
Quattro,Audi
Uplander,Chevrolet
Caprice Classic,Chevrolet
S-Series,Saturn
S40,Volvo
Vision,Eagle
i-350,Isuzu
500SEL,Mercedes-Benz
G,Infiniti
Tempo,Ford
600,BMW
GTO,Mitsubishi
Explorer,Ford
Prius,Toyota
SX4,Suzuki
Eos,Volkswagen
3 Series,BMW
Elantra,Hyundai
Escalade ESV,Cadillac
100,Audi
Land Cruiser,Toyota
Savana 1500,GMC
TT,Audi
Voyager,Chrysler
A7,Audi
E-Series,Ford
Range Rover Sport,Land Rover
Outback,Subaru
Ridgeline,Honda
Firebird,Pontiac
300,Chrysler
90,Audi
Accord,Honda
5 Series,BMW
Achieva,Oldsmobile
Tacoma,Toyota
X5 M,BMW
Canyon,GMC
626,Mazda
Cougar,Mercury
Cougar,Mercury
Mountaineer,Mercury
745,BMW
B-Series,Mazda
Flex,Ford
Xterra,Nissan
Impreza,Subaru
Grand Am,Pontiac
Caliber,Dodge
Q,Infiniti
M6,BMW
Accent,Hyundai
Durango,Dodge
